country,date,cases
Afghanistan,2021-01-01,51526.0
Albania,2021-01-01,58316.0
Algeria,2021-01-01,99897.0
Andorra,2021-01-01,8117.0
Angola,2021-01-01,17568.0
Antigua and Barbuda,2021-01-01,159.0
Argentina,2021-01-01,1629594.0
Armenia,2021-01-01,159738.0
Australia,2021-01-01,118.0
Australia,2021-01-01,4947.0
Australia,2021-01-01,75.0
Australia,2021-01-01,1255.0
Australia,2021-01-01,580.0
Australia,2021-01-01,234.0
Australia,2021-01-01,20388.0
Australia,2021-01-01,863.0
Austria,2021-01-01,362911.0
Azerbaijan,2021-01-01,219041.0
Bahamas,2021-01-01,7887.0
Bahrain,2021-01-01,92913.0
Bangladesh,2021-01-01,514500.0
Barbados,2021-01-01,395.0
Belarus,2021-01-01,196223.0
Belgium,2021-01-01,648289.0
Belize,2021-01-01,10776.0
Benin,2021-01-01,3251.0
Bhutan,2021-01-01,689.0
Bolivia,2021-01-01,160985.0
Bosnia and Herzegovina,2021-01-01,112143.0
Botswana,2021-01-01,14805.0
Brazil,2021-01-01,7700578.0
Brunei,2021-01-01,157.0
Bulgaria,2021-01-01,202540.0
Burkina Faso,2021-01-01,6828.0
Burma,2021-01-01,125042.0
Burundi,2021-01-01,822.0
Cabo Verde,2021-01-01,11872.0
Cambodia,2021-01-01,379.0
Cameroon,2021-01-01,26848.0
Canada,2021-01-01,100428.0
Canada,2021-01-01,51990.0
Canada,2021-01-01,0.0
Canada,2021-01-01,13.0
Canada,2021-01-01,24700.0
Canada,2021-01-01,601.0
Canada,2021-01-01,390.0
Canada,2021-01-01,24.0
Canada,2021-01-01,1486.0
Canada,2021-01-01,266.0
Canada,2021-01-01,187344.0
Canada,2021-01-01,94.0
Canada,2021-01-01,202641.0
Canada,2021-01-01,13.0
Canada,2021-01-01,15350.0
Canada,2021-01-01,60.0
Central African Republic,2021-01-01,4963.0
Chad,2021-01-01,2141.0
Chile,2021-01-01,612564.0
China,2021-01-01,993.0
China,2021-01-01,988.0
China,2021-01-01,590.0
China,2021-01-01,513.0
China,2021-01-01,182.0
China,2021-01-01,2046.0
China,2021-01-01,264.0
China,2021-01-01,147.0
China,2021-01-01,171.0
China,2021-01-01,373.0
China,2021-01-01,964.0
China,2021-01-01,1299.0
China,2021-01-01,8888.0
China,2021-01-01,68149.0
China,2021-01-01,1021.0
China,2021-01-01,364.0
China,2021-01-01,684.0
China,2021-01-01,935.0
China,2021-01-01,157.0
China,2021-01-01,359.0
China,2021-01-01,46.0
China,2021-01-01,75.0
China,2021-01-01,18.0
China,2021-01-01,508.0
China,2021-01-01,863.0
China,2021-01-01,1520.0
China,2021-01-01,224.0
China,2021-01-01,853.0
China,2021-01-01,312.0
China,2021-01-01,1.0
China,2021-01-01,0.0
China,2021-01-01,980.0
China,2021-01-01,230.0
China,2021-01-01,1306.0
Colombia,2021-01-01,1654880.0
Comoros,2021-01-01,823.0
Congo (Brazzaville),2021-01-01,7107.0
Congo (Kinshasa),2021-01-01,17849.0
Costa Rica,2021-01-01,169321.0
Cote d'Ivoire,2021-01-01,22563.0
Croatia,2021-01-01,212007.0
Cuba,2021-01-01,12056.0
Cyprus,2021-01-01,22818.0
Czechia,2021-01-01,732022.0
Denmark,2021-01-01,610.0
Denmark,2021-01-01,27.0
Denmark,2021-01-01,165930.0
Diamond Princess,2021-01-01,712.0
Djibouti,2021-01-01,5840.0
Dominica,2021-01-01,88.0
Dominican Republic,2021-01-01,172218.0
Ecuador,2021-01-01,213378.0
Egypt,2021-01-01,139471.0
El Salvador,2021-01-01,46515.0
Equatorial Guinea,2021-01-01,5277.0
Eritrea,2021-01-01,1320.0
Estonia,2021-01-01,28406.0
Eswatini,2021-01-01,9482.0
Ethiopia,2021-01-01,124652.0
Fiji,2021-01-01,49.0
Finland,2021-01-01,36403.0
France,2021-01-01,13166.0
France,2021-01-01,16926.0
France,2021-01-01,8620.0
France,2021-01-01,6091.0
France,2021-01-01,5890.0
France,2021-01-01,38.0
France,2021-01-01,9037.0
France,2021-01-01,190.0
France,2021-01-01,16.0
France,2021-01-01,995.0
France,2021-01-01,0.0
France,2021-01-01,2636045.0
Gabon,2021-01-01,9571.0
Gambia,2021-01-01,3800.0
Georgia,2021-01-01,228410.0
Germany,2021-01-01,1762637.0
Ghana,2021-01-01,54930.0
Greece,2021-01-01,139447.0
Grenada,2021-01-01,127.0
Guatemala,2021-01-01,138236.0
Guinea,2021-01-01,13738.0
Guinea-Bissau,2021-01-01,2452.0
Guyana,2021-01-01,6348.0
Haiti,2021-01-01,10015.0
Holy See,2021-01-01,27.0
Honduras,2021-01-01,122974.0
Hungary,2021-01-01,325278.0
Iceland,2021-01-01,5754.0
India,2021-01-01,10286709.0
Indonesia,2021-01-01,751270.0
Iran,2021-01-01,1231429.0
Iraq,2021-01-01,596193.0
Ireland,2021-01-01,93532.0
Israel,2021-01-01,428510.0
Italy,2021-01-01,2129376.0
Jamaica,2021-01-01,12915.0
Japan,2021-01-01,239068.0
Jordan,2021-01-01,295765.0
Kazakhstan,2021-01-01,202060.0
Kenya,2021-01-01,96614.0
Kiribati,2021-01-01,0.0
"Korea, South",2021-01-01,62593.0
Kosovo,2021-01-01,51502.0
Kuwait,2021-01-01,150869.0
Kyrgyzstan,2021-01-01,81156.0
Laos,2021-01-01,41.0
Latvia,2021-01-01,41615.0
Lebanon,2021-01-01,183888.0
Lesotho,2021-01-01,3206.0
Liberia,2021-01-01,1779.0
Libya,2021-01-01,100744.0
Liechtenstein,2021-01-01,2175.0
Lithuania,2021-01-01,145430.0
Luxembourg,2021-01-01,46415.0
MS Zaandam,2021-01-01,9.0
Madagascar,2021-01-01,17714.0
Malawi,2021-01-01,6684.0
Malaysia,2021-01-01,115078.0
Maldives,2021-01-01,13804.0
Mali,2021-01-01,7203.0
Malta,2021-01-01,12909.0
Marshall Islands,2021-01-01,4.0
Mauritania,2021-01-01,14581.0
Mauritius,2021-01-01,527.0
Mexico,2021-01-01,1437185.0
Micronesia,2021-01-01,0.0
Moldova,2021-01-01,145258.0
Monaco,2021-01-01,885.0
Mongolia,2021-01-01,1242.0
Montenegro,2021-01-01,48589.0
Morocco,2021-01-01,440970.0
Mozambique,2021-01-01,18794.0
Namibia,2021-01-01,24545.0
Nepal,2021-01-01,261019.0
Netherlands,2021-01-01,5509.0
Netherlands,2021-01-01,196.0
Netherlands,2021-01-01,4289.0
Netherlands,2021-01-01,1458.0
Netherlands,2021-01-01,805164.0
New Zealand,2021-01-01,0.0
New Zealand,2021-01-01,2162.0
Nicaragua,2021-01-01,6046.0
Niger,2021-01-01,3403.0
Nigeria,2021-01-01,88587.0
North Macedonia,2021-01-01,83743.0
Norway,2021-01-01,49803.0
Oman,2021-01-01,128867.0
Pakistan,2021-01-01,484362.0
Palau,2021-01-01,0.0
Panama,2021-01-01,249733.0
Papua New Guinea,2021-01-01,780.0
Paraguay,2021-01-01,108349.0
Peru,2021-01-01,1015137.0
Philippines,2021-01-01,475820.0
Poland,2021-01-01,1305774.0
Portugal,2021-01-01,420629.0
Qatar,2021-01-01,144042.0
Romania,2021-01-01,636201.0
Russia,2021-01-01,3153960.0
Rwanda,2021-01-01,8460.0
Saint Kitts and Nevis,2021-01-01,32.0
Saint Lucia,2021-01-01,353.0
Saint Vincent and the Grenadines,2021-01-01,121.0
Samoa,2021-01-01,2.0
San Marino,2021-01-01,2428.0
Sao Tome and Principe,2021-01-01,1022.0
Saudi Arabia,2021-01-01,362878.0
Senegal,2021-01-01,19364.0
Serbia,2021-01-01,339997.0
Seychelles,2021-01-01,256.0
Sierra Leone,2021-01-01,2635.0
Singapore,2021-01-01,58629.0
Slovakia,2021-01-01,184508.0
Slovenia,2021-01-01,123950.0
Solomon Islands,2021-01-01,17.0
Somalia,2021-01-01,4714.0
South Africa,2021-01-01,1073887.0
South Sudan,2021-01-01,3558.0
Spain,2021-01-01,1928265.0
Sri Lanka,2021-01-01,43856.0
Sudan,2021-01-01,25730.0
Suriname,2021-01-01,6277.0
Sweden,2021-01-01,437379.0
Switzerland,2021-01-01,452296.0
Syria,2021-01-01,11526.0
Taiwan*,2021-01-01,802.0
Tajikistan,2021-01-01,13296.0
Tanzania,2021-01-01,509.0
Thailand,2021-01-01,7379.0
Timor-Leste,2021-01-01,44.0
Togo,2021-01-01,3662.0
Trinidad and Tobago,2021-01-01,7158.0
Tunisia,2021-01-01,140557.0
Turkey,2021-01-01,2220855.0
US,2021-01-01,20254160.0
Uganda,2021-01-01,35511.0
Ukraine,2021-01-01,1096855.0
United Arab Emirates,2021-01-01,209678.0
United Kingdom,2021-01-01,13.0
United Kingdom,2021-01-01,604.0
United Kingdom,2021-01-01,86.0
United Kingdom,2021-01-01,338.0
United Kingdom,2021-01-01,3059.0
United Kingdom,2021-01-01,29.0
United Kingdom,2021-01-01,2212.0
United Kingdom,2021-01-01,377.0
United Kingdom,2021-01-01,13.0
United Kingdom,2021-01-01,4.0
United Kingdom,2021-01-01,893.0
United Kingdom,2021-01-01,2542065.0
Uruguay,2021-01-01,19753.0
Uzbekistan,2021-01-01,77182.0
Vanuatu,2021-01-01,1.0
Venezuela,2021-01-01,113884.0
Vietnam,2021-01-01,1474.0
West Bank and Gaza,2021-01-01,139223.0
Yemen,2021-01-01,2101.0
Zambia,2021-01-01,20997.0
Zimbabwe,2021-01-01,14084.0
Afghanistan,2021-02-01,55059.0
Albania,2021-02-01,78992.0
Algeria,2021-02-01,107578.0
Andorra,2021-02-01,9972.0
Angola,2021-02-01,19829.0
Antigua and Barbuda,2021-02-01,234.0
Argentina,2021-02-01,1933853.0
Armenia,2021-02-01,167088.0
Australia,2021-02-01,118.0
Australia,2021-02-01,5112.0
Australia,2021-02-01,98.0
Australia,2021-02-01,1311.0
Australia,2021-02-01,597.0
Australia,2021-02-01,234.0
Australia,2021-02-01,20450.0
Australia,2021-02-01,903.0
Austria,2021-02-01,415522.0
Azerbaijan,2021-02-01,230296.0
Bahamas,2021-02-01,8174.0
Bahrain,2021-02-01,103582.0
Bangladesh,2021-02-01,535582.0
Barbados,2021-02-01,1558.0
Belarus,2021-02-01,249295.0
Belgium,2021-02-01,711417.0
Belize,2021-02-01,11945.0
Benin,2021-02-01,3893.0
Bhutan,2021-02-01,859.0
Bolivia,2021-02-01,218299.0
Bosnia and Herzegovina,2021-02-01,122199.0
Botswana,2021-02-01,22738.0
Brazil,2021-02-01,9229322.0
Brunei,2021-02-01,180.0
Bulgaria,2021-02-01,219580.0
Burkina Faso,2021-02-01,10768.0
Burma,2021-02-01,140354.0
Burundi,2021-02-01,1635.0
Cabo Verde,2021-02-01,14098.0
Cambodia,2021-02-01,466.0
Cameroon,2021-02-01,29617.0
Canada,2021-02-01,124563.0
Canada,2021-02-01,67937.0
Canada,2021-02-01,0.0
Canada,2021-02-01,13.0
Canada,2021-02-01,29651.0
Canada,2021-02-01,1264.0
Canada,2021-02-01,408.0
Canada,2021-02-01,35.0
Canada,2021-02-01,1581.0
Canada,2021-02-01,294.0
Canada,2021-02-01,274773.0
Canada,2021-02-01,111.0
Canada,2021-02-01,263473.0
Canada,2021-02-01,13.0
Canada,2021-02-01,24011.0
Canada,2021-02-01,70.0
Central African Republic,2021-02-01,4989.0
Chad,2021-02-01,3385.0
Chile,2021-02-01,730888.0
China,2021-02-01,994.0
China,2021-02-01,1039.0
China,2021-02-01,591.0
China,2021-02-01,541.0
China,2021-02-01,187.0
China,2021-02-01,2127.0
China,2021-02-01,267.0
China,2021-02-01,147.0
China,2021-02-01,171.0
China,2021-02-01,1313.0
China,2021-02-01,1591.0
China,2021-02-01,1303.0
China,2021-02-01,10486.0
China,2021-02-01,68150.0
China,2021-02-01,1032.0
China,2021-02-01,366.0
China,2021-02-01,697.0
China,2021-02-01,935.0
China,2021-02-01,555.0
China,2021-02-01,402.0
China,2021-02-01,47.0
China,2021-02-01,75.0
China,2021-02-01,18.0
China,2021-02-01,540.0
China,2021-02-01,866.0
China,2021-02-01,1705.0
China,2021-02-01,239.0
China,2021-02-01,871.0
China,2021-02-01,344.0
China,2021-02-01,1.0
China,2021-02-01,0.0
China,2021-02-01,980.0
China,2021-02-01,231.0
China,2021-02-01,1316.0
Colombia,2021-02-01,2104506.0
Comoros,2021-02-01,2811.0
Congo (Brazzaville),2021-02-01,7887.0
Congo (Kinshasa),2021-02-01,22842.0
Costa Rica,2021-02-01,194569.0
Cote d'Ivoire,2021-02-01,28475.0
Croatia,2021-02-01,232520.0
Cuba,2021-02-01,27592.0
Cyprus,2021-02-01,30996.0
Czechia,2021-02-01,987329.0
Denmark,2021-02-01,654.0
Denmark,2021-02-01,30.0
Denmark,2021-02-01,198960.0
Diamond Princess,2021-02-01,712.0
Djibouti,2021-02-01,5932.0
Dominica,2021-02-01,117.0
Dominican Republic,2021-02-01,215086.0
Ecuador,2021-02-01,250986.0
Egypt,2021-02-01,166492.0
El Salvador,2021-02-01,55195.0
Equatorial Guinea,2021-02-01,5534.0
Eritrea,2021-02-01,2135.0
Estonia,2021-02-01,44575.0
Eswatini,2021-02-01,15804.0
Ethiopia,2021-02-01,138384.0
Fiji,2021-02-01,55.0
Finland,2021-02-01,45482.0
France,2021-02-01,16083.0
France,2021-02-01,18101.0
France,2021-02-01,9156.0
France,2021-02-01,6370.0
France,2021-02-01,8231.0
France,2021-02-01,47.0
France,2021-02-01,9996.0
France,2021-02-01,360.0
France,2021-02-01,24.0
France,2021-02-01,1234.0
France,2021-02-01,5.0
France,2021-02-01,3190701.0
Gabon,2021-02-01,10952.0
Gambia,2021-02-01,4139.0
Georgia,2021-02-01,258351.0
Germany,2021-02-01,2232327.0
Ghana,2021-02-01,67010.0
Greece,2021-02-01,157495.0
Grenada,2021-02-01,148.0
Guatemala,2021-02-01,159632.0
Guinea,2021-02-01,14555.0
Guinea-Bissau,2021-02-01,2634.0
Guyana,2021-02-01,7654.0
Haiti,2021-02-01,11533.0
Holy See,2021-02-01,27.0
Honduras,2021-02-01,147843.0
Hungary,2021-02-01,368710.0
Iceland,2021-02-01,6009.0
India,2021-02-01,10766245.0
Indonesia,2021-02-01,1089308.0
Iran,2021-02-01,1424596.0
Iraq,2021-02-01,620620.0
Ireland,2021-02-01,197553.0
Israel,2021-02-01,652246.0
Italy,2021-02-01,2560957.0
Jamaica,2021-02-01,15778.0
Japan,2021-02-01,391956.0
Jordan,2021-02-01,328062.0
Kazakhstan,2021-02-01,237029.0
Kenya,2021-02-01,100856.0
Kiribati,2021-02-01,0.0
"Korea, South",2021-02-01,78844.0
Kosovo,2021-02-01,60218.0
Kuwait,2021-02-01,165843.0
Kyrgyzstan,2021-02-01,84588.0
Laos,2021-02-01,44.0
Latvia,2021-02-01,66652.0
Lebanon,2021-02-01,303072.0
Lesotho,2021-02-01,8900.0
Liberia,2021-02-01,1944.0
Libya,2021-02-01,119402.0
Liechtenstein,2021-02-01,2497.0
Lithuania,2021-02-01,182898.0
Luxembourg,2021-02-01,50733.0
MS Zaandam,2021-02-01,9.0
Madagascar,2021-02-01,19065.0
Malawi,2021-02-01,24365.0
Malaysia,2021-02-01,219173.0
Maldives,2021-02-01,16056.0
Mali,2021-02-01,8100.0
Malta,2021-02-01,18027.0
Marshall Islands,2021-02-01,4.0
Mauritania,2021-02-01,16662.0
Mauritius,2021-02-01,582.0
Mexico,2021-02-01,1869708.0
Micronesia,2021-02-01,1.0
Moldova,2021-02-01,160086.0
Monaco,2021-02-01,1499.0
Mongolia,2021-02-01,1832.0
Montenegro,2021-02-01,61972.0
Morocco,2021-02-01,471438.0
Mozambique,2021-02-01,39460.0
Namibia,2021-02-01,34168.0
Nepal,2021-02-01,271118.0
Netherlands,2021-02-01,6986.0
Netherlands,2021-02-01,196.0
Netherlands,2021-02-01,4585.0
Netherlands,2021-02-01,1870.0
Netherlands,2021-02-01,981663.0
New Zealand,2021-02-01,0.0
New Zealand,2021-02-01,2307.0
Nicaragua,2021-02-01,6253.0
Niger,2021-02-01,4537.0
Nigeria,2021-02-01,131918.0
North Macedonia,2021-02-01,92753.0
Norway,2021-02-01,63262.0
Oman,2021-02-01,134524.0
Pakistan,2021-02-01,547648.0
Palau,2021-02-01,0.0
Panama,2021-02-01,321103.0
Papua New Guinea,2021-02-01,867.0
Paraguay,2021-02-01,133781.0
Peru,2021-02-01,1138239.0
Philippines,2021-02-01,527272.0
Poland,2021-02-01,1515889.0
Portugal,2021-02-01,726321.0
Qatar,2021-02-01,151720.0
Romania,2021-02-01,730056.0
Russia,2021-02-01,3825739.0
Rwanda,2021-02-01,15459.0
Saint Kitts and Nevis,2021-02-01,38.0
Saint Lucia,2021-02-01,1411.0
Saint Vincent and the Grenadines,2021-02-01,901.0
Samoa,2021-02-01,2.0
San Marino,2021-02-01,3025.0
Sao Tome and Principe,2021-02-01,1259.0
Saudi Arabia,2021-02-01,368329.0
Senegal,2021-02-01,26927.0
Serbia,2021-02-01,397002.0
Seychelles,2021-02-01,1223.0
Sierra Leone,2021-02-01,3634.0
Singapore,2021-02-01,59565.0
Slovakia,2021-02-01,250357.0
Slovenia,2021-02-01,166836.0
Solomon Islands,2021-02-01,17.0
Somalia,2021-02-01,4784.0
South Africa,2021-02-01,1456309.0
South Sudan,2021-02-01,3929.0
Spain,2021-02-01,2822805.0
Sri Lanka,2021-02-01,64983.0
Sudan,2021-02-01,29449.0
Suriname,2021-02-01,8449.0
Sweden,2021-02-01,566957.0
Switzerland,2021-02-01,525095.0
Syria,2021-02-01,14096.0
Taiwan*,2021-02-01,912.0
Tajikistan,2021-02-01,13308.0
Tanzania,2021-02-01,509.0
Thailand,2021-02-01,20454.0
Timor-Leste,2021-02-01,70.0
Togo,2021-02-01,5092.0
Trinidad and Tobago,2021-02-01,7566.0
Tunisia,2021-02-01,210045.0
Turkey,2021-02-01,2485182.0
US,2021-02-01,26384317.0
Uganda,2021-02-01,39606.0
Ukraine,2021-02-01,1263833.0
United Arab Emirates,2021-02-01,306339.0
United Kingdom,2021-02-01,16.0
United Kingdom,2021-02-01,691.0
United Kingdom,2021-02-01,114.0
United Kingdom,2021-02-01,390.0
United Kingdom,2021-02-01,3737.0
United Kingdom,2021-02-01,41.0
United Kingdom,2021-02-01,4128.0
United Kingdom,2021-02-01,434.0
United Kingdom,2021-02-01,13.0
United Kingdom,2021-02-01,4.0
United Kingdom,2021-02-01,1504.0
United Kingdom,2021-02-01,3835783.0
Uruguay,2021-02-01,42128.0
Uzbekistan,2021-02-01,78755.0
Vanuatu,2021-02-01,1.0
Venezuela,2021-02-01,127346.0
Vietnam,2021-02-01,1850.0
West Bank and Gaza,2021-02-01,159443.0
Yemen,2021-02-01,2122.0
Zambia,2021-02-01,55042.0
Zimbabwe,2021-02-01,33548.0
Afghanistan,2021-03-01,55733.0
Albania,2021-03-01,107931.0
Algeria,2021-03-01,113255.0
Andorra,2021-03-01,10889.0
Angola,2021-03-01,20854.0
Antigua and Barbuda,2021-03-01,769.0
Argentina,2021-03-01,2112023.0
Armenia,2021-03-01,172216.0
Australia,2021-03-01,118.0
Australia,2021-03-01,5183.0
Australia,2021-03-01,105.0
Australia,2021-03-01,1335.0
Australia,2021-03-01,617.0
Australia,2021-03-01,234.0
Australia,2021-03-01,20481.0
Australia,2021-03-01,913.0
Austria,2021-03-01,460849.0
Azerbaijan,2021-03-01,234662.0
Bahamas,2021-03-01,8519.0
Bahrain,2021-03-01,123039.0
Bangladesh,2021-03-01,546801.0
Barbados,2021-03-01,3115.0
Belarus,2021-03-01,288267.0
Belgium,2021-03-01,772294.0
Belize,2021-03-01,12313.0
Benin,2021-03-01,5434.0
Bhutan,2021-03-01,867.0
Bolivia,2021-03-01,249767.0
Bosnia and Herzegovina,2021-03-01,130979.0
Botswana,2021-03-01,30727.0
Brazil,2021-03-01,10587001.0
Brunei,2021-03-01,186.0
Bulgaria,2021-03-01,249626.0
Burkina Faso,2021-03-01,12030.0
Burma,2021-03-01,141916.0
Burundi,2021-03-01,2217.0
Cabo Verde,2021-03-01,15432.0
Cambodia,2021-03-01,844.0
Cameroon,2021-03-01,35714.0
Canada,2021-03-01,133795.0
Canada,2021-03-01,80672.0
Canada,2021-03-01,0.0
Canada,2021-03-01,13.0
Canada,2021-03-01,31894.0
Canada,2021-03-01,1431.0
Canada,2021-03-01,989.0
Canada,2021-03-01,47.0
Canada,2021-03-01,1642.0
Canada,2021-03-01,358.0
Canada,2021-03-01,307176.0
Canada,2021-03-01,132.0
Canada,2021-03-01,288353.0
Canada,2021-03-01,13.0
Canada,2021-03-01,28801.0
Canada,2021-03-01,72.0
Central African Republic,2021-03-01,5004.0
Chad,2021-03-01,3986.0
Chile,2021-03-01,829770.0
China,2021-03-01,994.0
China,2021-03-01,1049.0
China,2021-03-01,591.0
China,2021-03-01,551.0
China,2021-03-01,187.0
China,2021-03-01,2215.0
China,2021-03-01,267.0
China,2021-03-01,147.0
China,2021-03-01,171.0
China,2021-03-01,1317.0
China,2021-03-01,1610.0
China,2021-03-01,1305.0
China,2021-03-01,11019.0
China,2021-03-01,68151.0
China,2021-03-01,1036.0
China,2021-03-01,367.0
China,2021-03-01,704.0
China,2021-03-01,935.0
China,2021-03-01,573.0
China,2021-03-01,406.0
China,2021-03-01,48.0
China,2021-03-01,75.0
China,2021-03-01,18.0
China,2021-03-01,552.0
China,2021-03-01,869.0
China,2021-03-01,1797.0
China,2021-03-01,240.0
China,2021-03-01,904.0
China,2021-03-01,357.0
China,2021-03-01,1.0
China,2021-03-01,0.0
China,2021-03-01,980.0
China,2021-03-01,233.0
China,2021-03-01,1321.0
Colombia,2021-03-01,2255260.0
Comoros,2021-03-01,3578.0
Congo (Brazzaville),2021-03-01,8820.0
Congo (Kinshasa),2021-03-01,25962.0
Costa Rica,2021-03-01,205086.0
Cote d'Ivoire,2021-03-01,32791.0
Croatia,2021-03-01,243064.0
Cuba,2021-03-01,50590.0
Cyprus,2021-03-01,35009.0
Czechia,2021-03-01,1240051.0
Denmark,2021-03-01,658.0
Denmark,2021-03-01,30.0
Denmark,2021-03-01,211692.0
Diamond Princess,2021-03-01,712.0
Djibouti,2021-03-01,6087.0
Dominica,2021-03-01,142.0
Dominican Republic,2021-03-01,239998.0
Ecuador,2021-03-01,286367.0
Egypt,2021-03-01,183010.0
El Salvador,2021-03-01,60337.0
Equatorial Guinea,2021-03-01,6095.0
Eritrea,2021-03-01,2866.0
Estonia,2021-03-01,66628.0
Eswatini,2021-03-01,17025.0
Ethiopia,2021-03-01,159972.0
Fiji,2021-03-01,59.0
Finland,2021-03-01,58064.0
France,2021-03-01,16627.0
France,2021-03-01,18414.0
France,2021-03-01,9968.0
France,2021-03-01,6746.0
France,2021-03-01,17600.0
France,2021-03-01,58.0
France,2021-03-01,12416.0
France,2021-03-01,573.0
France,2021-03-01,24.0
France,2021-03-01,1544.0
France,2021-03-01,9.0
France,2021-03-01,3736390.0
Gabon,2021-03-01,14849.0
Gambia,2021-03-01,4712.0
Georgia,2021-03-01,270918.0
Germany,2021-03-01,2455569.0
Ghana,2021-03-01,84023.0
Greece,2021-03-01,192270.0
Grenada,2021-03-01,148.0
Guatemala,2021-03-01,174653.0
Guinea,2021-03-01,16005.0
Guinea-Bissau,2021-03-01,3262.0
Guyana,2021-03-01,8595.0
Haiti,2021-03-01,12448.0
Holy See,2021-03-01,27.0
Honduras,2021-03-01,170985.0
Hungary,2021-03-01,432925.0
Iceland,2021-03-01,6054.0
India,2021-03-01,11124527.0
Indonesia,2021-03-01,1341314.0
Iran,2021-03-01,1639679.0
Iraq,2021-03-01,699088.0
Ireland,2021-03-01,220273.0
Israel,2021-03-01,779958.0
Italy,2021-03-01,2938371.0
Jamaica,2021-03-01,23599.0
Japan,2021-03-01,432778.0
Jordan,2021-03-01,397158.0
Kazakhstan,2021-03-01,263396.0
Kenya,2021-03-01,106125.0
Kiribati,2021-03-01,0.0
"Korea, South",2021-03-01,90372.0
Kosovo,2021-03-01,68451.0
Kuwait,2021-03-01,192031.0
Kyrgyzstan,2021-03-01,86308.0
Laos,2021-03-01,45.0
Latvia,2021-03-01,86458.0
Lebanon,2021-03-01,376938.0
Lesotho,2021-03-01,10495.0
Liberia,2021-03-01,2014.0
Libya,2021-03-01,134127.0
Liechtenstein,2021-03-01,2575.0
Lithuania,2021-03-01,199398.0
Luxembourg,2021-03-01,55480.0
MS Zaandam,2021-03-01,9.0
Madagascar,2021-03-01,19831.0
Malawi,2021-03-01,32008.0
Malaysia,2021-03-01,302580.0
Maldives,2021-03-01,19979.0
Mali,2021-03-01,8390.0
Malta,2021-03-01,22657.0
Marshall Islands,2021-03-01,4.0
Mauritania,2021-03-01,17217.0
Mauritius,2021-03-01,619.0
Mexico,2021-03-01,2089281.0
Micronesia,2021-03-01,1.0
Moldova,2021-03-01,186447.0
Monaco,2021-03-01,1965.0
Mongolia,2021-03-01,3000.0
Montenegro,2021-03-01,76283.0
Morocco,2021-03-01,483766.0
Mozambique,2021-03-01,59607.0
Namibia,2021-03-01,39033.0
Nepal,2021-03-01,274216.0
Netherlands,2021-03-01,7908.0
Netherlands,2021-03-01,196.0
Netherlands,2021-03-01,4731.0
Netherlands,2021-03-01,2060.0
Netherlands,2021-03-01,1092452.0
New Zealand,2021-03-01,0.0
New Zealand,2021-03-01,2382.0
Nicaragua,2021-03-01,6445.0
Niger,2021-03-01,4740.0
Nigeria,2021-03-01,156017.0
North Macedonia,2021-03-01,103020.0
Norway,2021-03-01,71735.0
Oman,2021-03-01,141808.0
Pakistan,2021-03-01,582528.0
Palau,2021-03-01,0.0
Panama,2021-03-01,341420.0
Papua New Guinea,2021-03-01,1365.0
Paraguay,2021-03-01,160448.0
Peru,2021-03-01,1329805.0
Philippines,2021-03-01,578381.0
Poland,2021-03-01,1711772.0
Portugal,2021-03-01,804956.0
Qatar,2021-03-01,164137.0
Romania,2021-03-01,804090.0
Russia,2021-03-01,4209850.0
Rwanda,2021-03-01,18986.0
Saint Kitts and Nevis,2021-03-01,41.0
Saint Lucia,2021-03-01,3390.0
Saint Vincent and the Grenadines,2021-03-01,1628.0
Samoa,2021-03-01,3.0
San Marino,2021-03-01,3746.0
Sao Tome and Principe,2021-03-01,1828.0
Saudi Arabia,2021-03-01,377700.0
Senegal,2021-03-01,34732.0
Serbia,2021-03-01,462728.0
Seychelles,2021-03-01,2688.0
Sierra Leone,2021-03-01,3887.0
Singapore,2021-03-01,59948.0
Slovakia,2021-03-01,308925.0
Slovenia,2021-03-01,190324.0
Solomon Islands,2021-03-01,18.0
Somalia,2021-03-01,7392.0
South Africa,2021-03-01,1513959.0
South Sudan,2021-03-01,8010.0
Spain,2021-03-01,3204531.0
Sri Lanka,2021-03-01,83552.0
Sudan,2021-03-01,30364.0
Suriname,2021-03-01,8933.0
Sweden,2021-03-01,657309.0
Switzerland,2021-03-01,557492.0
Syria,2021-03-01,15642.0
Taiwan*,2021-03-01,955.0
Tajikistan,2021-03-01,13308.0
Tanzania,2021-03-01,509.0
Thailand,2021-03-01,26031.0
Timor-Leste,2021-03-01,113.0
Togo,2021-03-01,6933.0
Trinidad and Tobago,2021-03-01,7716.0
Tunisia,2021-03-01,233669.0
Turkey,2021-03-01,2711479.0
US,2021-03-01,28709454.0
Uganda,2021-03-01,40367.0
Ukraine,2021-03-01,1399934.0
United Arab Emirates,2021-03-01,394050.0
United Kingdom,2021-03-01,18.0
United Kingdom,2021-03-01,707.0
United Kingdom,2021-03-01,153.0
United Kingdom,2021-03-01,447.0
United Kingdom,2021-03-01,4038.0
United Kingdom,2021-03-01,54.0
United Kingdom,2021-03-01,4239.0
United Kingdom,2021-03-01,486.0
United Kingdom,2021-03-01,20.0
United Kingdom,2021-03-01,4.0
United Kingdom,2021-03-01,2114.0
United Kingdom,2021-03-01,4182009.0
Uruguay,2021-03-01,58589.0
Uzbekistan,2021-03-01,79926.0
Vanuatu,2021-03-01,1.0
Venezuela,2021-03-01,139545.0
Vietnam,2021-03-01,2448.0
West Bank and Gaza,2021-03-01,185336.0
Yemen,2021-03-01,2310.0
Zambia,2021-03-01,79002.0
Zimbabwe,2021-03-01,36115.0
Afghanistan,2021-04-01,56517.0
Albania,2021-04-01,125506.0
Algeria,2021-04-01,117304.0
Andorra,2021-04-01,12053.0
Angola,2021-04-01,22399.0
Antigua and Barbuda,2021-04-01,1147.0
Argentina,2021-04-01,2363251.0
Armenia,2021-04-01,193736.0
Australia,2021-04-01,123.0
Australia,2021-04-01,5296.0
Australia,2021-04-01,109.0
Australia,2021-04-01,1485.0
Australia,2021-04-01,658.0
Australia,2021-04-01,234.0
Australia,2021-04-01,20484.0
Australia,2021-04-01,944.0
Austria,2021-04-01,549592.0
Azerbaijan,2021-04-01,263961.0
Bahamas,2021-04-01,9171.0
Bahrain,2021-04-01,145380.0
Bangladesh,2021-04-01,617764.0
Barbados,2021-04-01,3659.0
Belarus,2021-04-01,323043.0
Belgium,2021-04-01,887920.0
Belize,2021-04-01,12456.0
Benin,2021-04-01,7313.0
Bhutan,2021-04-01,886.0
Bolivia,2021-04-01,273327.0
Bosnia and Herzegovina,2021-04-01,171324.0
Botswana,2021-04-01,40878.0
Brazil,2021-04-01,12839844.0
Brunei,2021-04-01,213.0
Bulgaria,2021-04-01,346327.0
Burkina Faso,2021-04-01,12774.0
Burma,2021-04-01,142466.0
Burundi,2021-04-01,2842.0
Cabo Verde,2021-04-01,17587.0
Cambodia,2021-04-01,2477.0
Cameroon,2021-04-01,57337.0
Canada,2021-04-01,149207.0
Canada,2021-04-01,100880.0
Canada,2021-04-01,0.0
Canada,2021-04-01,13.0
Canada,2021-04-01,34174.0
Canada,2021-04-01,1623.0
Canada,2021-04-01,1020.0
Canada,2021-04-01,47.0
Canada,2021-04-01,1719.0
Canada,2021-04-01,395.0
Canada,2021-04-01,359074.0
Canada,2021-04-01,159.0
Canada,2021-04-01,312362.0
Canada,2021-04-01,13.0
Canada,2021-04-01,33789.0
Canada,2021-04-01,74.0
Central African Republic,2021-04-01,5222.0
Chad,2021-04-01,4552.0
Chile,2021-04-01,1003406.0
China,2021-04-01,994.0
China,2021-04-01,1049.0
China,2021-04-01,591.0
China,2021-04-01,561.0
China,2021-04-01,193.0
China,2021-04-01,2282.0
China,2021-04-01,267.0
China,2021-04-01,147.0
China,2021-04-01,171.0
China,2021-04-01,1317.0
China,2021-04-01,1610.0
China,2021-04-01,1311.0
China,2021-04-01,11480.0
China,2021-04-01,68152.0
China,2021-04-01,1043.0
China,2021-04-01,375.0
China,2021-04-01,710.0
China,2021-04-01,937.0
China,2021-04-01,573.0
China,2021-04-01,407.0
China,2021-04-01,48.0
China,2021-04-01,75.0
China,2021-04-01,18.0
China,2021-04-01,567.0
China,2021-04-01,870.0
China,2021-04-01,1887.0
China,2021-04-01,241.0
China,2021-04-01,949.0
China,2021-04-01,373.0
China,2021-04-01,1.0
China,2021-04-01,1.0
China,2021-04-01,980.0
China,2021-04-01,251.0
China,2021-04-01,1323.0
Colombia,2021-04-01,2417826.0
Comoros,2021-04-01,3704.0
Congo (Brazzaville),2021-04-01,9681.0
Congo (Kinshasa),2021-04-01,28199.0
Costa Rica,2021-04-01,216764.0
Cote d'Ivoire,2021-04-01,43889.0
Croatia,2021-04-01,274054.0
Cuba,2021-04-01,76276.0
Cyprus,2021-04-01,46173.0
Czechia,2021-04-01,1539617.0
Denmark,2021-04-01,661.0
Denmark,2021-04-01,31.0
Denmark,2021-04-01,231265.0
Diamond Princess,2021-04-01,712.0
Djibouti,2021-04-01,8180.0
Dominica,2021-04-01,164.0
Dominican Republic,2021-04-01,253196.0
Ecuador,2021-04-01,330388.0
Egypt,2021-04-01,202843.0
El Salvador,2021-04-01,64875.0
Equatorial Guinea,2021-04-01,7008.0
Eritrea,2021-04-01,3308.0
Estonia,2021-04-01,107253.0
Eswatini,2021-04-01,17344.0
Ethiopia,2021-04-01,208961.0
Fiji,2021-04-01,67.0
Finland,2021-04-01,78106.0
France,2021-04-01,17132.0
France,2021-04-01,18633.0
France,2021-04-01,11512.0
France,2021-04-01,7679.0
France,2021-04-01,19408.0
France,2021-04-01,121.0
France,2021-04-01,16586.0
France,2021-04-01,775.0
France,2021-04-01,24.0
France,2021-04-01,1659.0
France,2021-04-01,409.0
France,2021-04-01,4661841.0
Gabon,2021-04-01,19550.0
Gambia,2021-04-01,5459.0
Georgia,2021-04-01,282260.0
Germany,2021-04-01,2866323.0
Ghana,2021-04-01,90583.0
Greece,2021-04-01,267172.0
Grenada,2021-04-01,155.0
Guatemala,2021-04-01,194756.0
Guinea,2021-04-01,20083.0
Guinea-Bissau,2021-04-01,3661.0
Guyana,2021-04-01,10375.0
Haiti,2021-04-01,12762.0
Holy See,2021-04-01,27.0
Honduras,2021-04-01,189726.0
Hungary,2021-04-01,661721.0
Iceland,2021-04-01,6205.0
India,2021-04-01,12303131.0
Indonesia,2021-04-01,1517854.0
Iran,2021-04-01,1897314.0
Iraq,2021-04-01,856939.0
Ireland,2021-04-01,236600.0
Israel,2021-04-01,833456.0
Italy,2021-04-01,3607083.0
Jamaica,2021-04-01,39543.0
Japan,2021-04-01,477239.0
Jordan,2021-04-01,618059.0
Kazakhstan,2021-04-01,299626.0
Kenya,2021-04-01,135042.0
Kiribati,2021-04-01,0.0
"Korea, South",2021-04-01,104194.0
Kosovo,2021-04-01,91079.0
Kuwait,2021-04-01,233521.0
Kyrgyzstan,2021-04-01,88538.0
Laos,2021-04-01,49.0
Latvia,2021-04-01,103001.0
Lebanon,2021-04-01,471962.0
Lesotho,2021-04-01,10706.0
Liberia,2021-04-01,2042.0
Libya,2021-04-01,159980.0
Liechtenstein,2021-04-01,2675.0
Lithuania,2021-04-01,217005.0
Luxembourg,2021-04-01,61881.0
MS Zaandam,2021-04-01,9.0
Madagascar,2021-04-01,24696.0
Malawi,2021-04-01,33584.0
Malaysia,2021-04-01,346678.0
Maldives,2021-04-01,24379.0
Mali,2021-04-01,10199.0
Malta,2021-04-01,29085.0
Marshall Islands,2021-04-01,4.0
Mauritania,2021-04-01,17878.0
Mauritius,2021-04-01,1039.0
Mexico,2021-04-01,2244268.0
Micronesia,2021-04-01,1.0
Moldova,2021-04-01,231756.0
Monaco,2021-04-01,2305.0
Mongolia,2021-04-01,8841.0
Montenegro,2021-04-01,91573.0
Morocco,2021-04-01,496676.0
Mozambique,2021-04-01,67729.0
Namibia,2021-04-01,44374.0
Nepal,2021-04-01,277461.0
Netherlands,2021-04-01,9503.0
Netherlands,2021-04-01,196.0
Netherlands,2021-04-01,8834.0
Netherlands,2021-04-01,2151.0
Netherlands,2021-04-01,1280443.0
New Zealand,2021-04-01,0.0
New Zealand,2021-04-01,2501.0
Nicaragua,2021-04-01,6677.0
Niger,2021-04-01,5021.0
Nigeria,2021-04-01,162997.0
North Macedonia,2021-04-01,131424.0
Norway,2021-04-01,96770.0
Oman,2021-04-01,160018.0
Pakistan,2021-04-01,678165.0
Palau,2021-04-01,0.0
Panama,2021-04-01,355499.0
Papua New Guinea,2021-04-01,6112.0
Paraguay,2021-04-01,216278.0
Peru,2021-04-01,1561723.0
Philippines,2021-04-01,756199.0
Poland,2021-04-01,2356970.0
Portugal,2021-04-01,822314.0
Qatar,2021-04-01,180804.0
Romania,2021-04-01,958918.0
Russia,2021-04-01,4503291.0
Rwanda,2021-04-01,21918.0
Saint Kitts and Nevis,2021-04-01,44.0
Saint Lucia,2021-04-01,4245.0
Saint Vincent and the Grenadines,2021-04-01,1750.0
Samoa,2021-04-01,3.0
San Marino,2021-04-01,4730.0
Sao Tome and Principe,2021-04-01,2232.0
Saudi Arabia,2021-04-01,390597.0
Senegal,2021-04-01,38782.0
Serbia,2021-04-01,605406.0
Seychelles,2021-04-01,4135.0
Sierra Leone,2021-04-01,3981.0
Singapore,2021-04-01,60407.0
Slovakia,2021-04-01,362489.0
Slovenia,2021-04-01,216939.0
Solomon Islands,2021-04-01,19.0
Somalia,2021-04-01,11499.0
South Africa,2021-04-01,1549451.0
South Sudan,2021-04-01,10197.0
Spain,2021-04-01,3291394.0
Sri Lanka,2021-04-01,92917.0
Sudan,2021-04-01,31833.0
Suriname,2021-04-01,9122.0
Sweden,2021-04-01,813191.0
Switzerland,2021-04-01,603092.0
Syria,2021-04-01,19039.0
Taiwan*,2021-04-01,1036.0
Tajikistan,2021-04-01,13308.0
Tanzania,2021-04-01,509.0
Thailand,2021-04-01,28889.0
Timor-Leste,2021-04-01,643.0
Togo,2021-04-01,10654.0
Trinidad and Tobago,2021-04-01,8072.0
Tunisia,2021-04-01,255308.0
Turkey,2021-04-01,3357988.0
US,2021-04-01,30544145.0
Uganda,2021-04-01,40889.0
Ukraine,2021-04-01,1742710.0
United Arab Emirates,2021-04-01,463759.0
United Kingdom,2021-04-01,25.0
United Kingdom,2021-04-01,1292.0
United Kingdom,2021-04-01,153.0
United Kingdom,2021-04-01,501.0
United Kingdom,2021-04-01,4050.0
United Kingdom,2021-04-01,54.0
United Kingdom,2021-04-01,4275.0
United Kingdom,2021-04-01,1570.0
United Kingdom,2021-04-01,20.0
United Kingdom,2021-04-01,4.0
United Kingdom,2021-04-01,2337.0
United Kingdom,2021-04-01,4350266.0
Uruguay,2021-04-01,108188.0
Uzbekistan,2021-04-01,83050.0
Vanuatu,2021-04-01,3.0
Venezuela,2021-04-01,161751.0
Vietnam,2021-04-01,2617.0
West Bank and Gaza,2021-04-01,244645.0
Yemen,2021-04-01,4531.0
Zambia,2021-04-01,88549.0
Zimbabwe,2021-04-01,36896.0
Afghanistan,2021-05-01,59939.0
Albania,2021-05-01,131185.0
Algeria,2021-05-01,122311.0
Andorra,2021-05-01,13232.0
Angola,2021-05-01,26815.0
Antigua and Barbuda,2021-05-01,1232.0
Argentina,2021-05-01,2993865.0
Armenia,2021-05-01,216596.0
Australia,2021-05-01,124.0
Australia,2021-05-01,5484.0
Australia,2021-05-01,166.0
Australia,2021-05-01,1564.0
Australia,2021-05-01,725.0
Australia,2021-05-01,234.0
Australia,2021-05-01,20522.0
Australia,2021-05-01,1005.0
Austria,2021-05-01,620485.0
Azerbaijan,2021-05-01,320322.0
Bahamas,2021-05-01,10453.0
Bahrain,2021-05-01,177997.0
Bangladesh,2021-05-01,760584.0
Barbados,2021-05-01,3863.0
Belarus,2021-05-01,359982.0
Belgium,2021-05-01,993434.0
Belize,2021-05-01,12668.0
Benin,2021-05-01,7821.0
Bhutan,2021-05-01,1106.0
Bolivia,2021-05-01,306527.0
Bosnia and Herzegovina,2021-05-01,198461.0
Botswana,2021-05-01,46934.0
Brazil,2021-05-01,14725975.0
Brunei,2021-05-01,227.0
Bulgaria,2021-05-01,404846.0
Burkina Faso,2021-05-01,13319.0
Burma,2021-05-01,142831.0
Burundi,2021-05-01,4018.0
Cabo Verde,2021-05-01,24127.0
Cambodia,2021-05-01,13790.0
Cameroon,2021-05-01,72250.0
Canada,2021-05-01,193167.0
Canada,2021-05-01,129482.0
Canada,2021-05-01,0.0
Canada,2021-05-01,13.0
Canada,2021-05-01,38995.0
Canada,2021-05-01,1933.0
Canada,2021-05-01,1081.0
Canada,2021-05-01,57.0
Canada,2021-05-01,2575.0
Canada,2021-05-01,509.0
Canada,2021-05-01,474595.0
Canada,2021-05-01,177.0
Canada,2021-05-01,350874.0
Canada,2021-05-01,13.0
Canada,2021-05-01,41360.0
Canada,2021-05-01,81.0
Central African Republic,2021-05-01,6411.0
Chad,2021-05-01,4824.0
Chile,2021-05-01,1203755.0
China,2021-05-01,994.0
China,2021-05-01,1057.0
China,2021-05-01,596.0
China,2021-05-01,593.0
China,2021-05-01,193.0
China,2021-05-01,2350.0
China,2021-05-01,274.0
China,2021-05-01,147.0
China,2021-05-01,188.0
China,2021-05-01,1317.0
China,2021-05-01,1610.0
China,2021-05-01,1312.0
China,2021-05-01,11782.0
China,2021-05-01,68158.0
China,2021-05-01,1044.0
China,2021-05-01,380.0
China,2021-05-01,719.0
China,2021-05-01,937.0
China,2021-05-01,573.0
China,2021-05-01,408.0
China,2021-05-01,49.0
China,2021-05-01,75.0
China,2021-05-01,18.0
China,2021-05-01,590.0
China,2021-05-01,876.0
China,2021-05-01,1991.0
China,2021-05-01,251.0
China,2021-05-01,981.0
China,2021-05-01,385.0
China,2021-05-01,1.0
China,2021-05-01,0.0
China,2021-05-01,980.0
China,2021-05-01,344.0
China,2021-05-01,1344.0
Colombia,2021-05-01,2877746.0
Comoros,2021-05-01,3838.0
Congo (Brazzaville),2021-05-01,10678.0
Congo (Kinshasa),2021-05-01,29904.0
Costa Rica,2021-05-01,250991.0
Cote d'Ivoire,2021-05-01,46114.0
Croatia,2021-05-01,334229.0
Cuba,2021-05-01,107622.0
Cyprus,2021-05-01,65909.0
Czechia,2021-05-01,1632932.0
Denmark,2021-05-01,664.0
Denmark,2021-05-01,31.0
Denmark,2021-05-01,252045.0
Diamond Princess,2021-05-01,712.0
Djibouti,2021-05-01,11121.0
Dominica,2021-05-01,174.0
Dominican Republic,2021-05-01,266861.0
Ecuador,2021-05-01,384589.0
Egypt,2021-05-01,228584.0
El Salvador,2021-05-01,69198.0
Equatorial Guinea,2021-05-01,7694.0
Eritrea,2021-05-01,3671.0
Estonia,2021-05-01,122450.0
Eswatini,2021-05-01,18458.0
Ethiopia,2021-05-01,258062.0
Fiji,2021-05-01,119.0
Finland,2021-05-01,87096.0
France,2021-05-01,19404.0
France,2021-05-01,18758.0
France,2021-05-01,13770.0
France,2021-05-01,10491.0
France,2021-05-01,20094.0
France,2021-05-01,124.0
France,2021-05-01,20381.0
France,2021-05-01,974.0
France,2021-05-01,25.0
France,2021-05-01,1745.0
France,2021-05-01,444.0
France,2021-05-01,5597295.0
Gabon,2021-05-01,23075.0
Gambia,2021-05-01,5898.0
Georgia,2021-05-01,311457.0
Germany,2021-05-01,3423900.0
Ghana,2021-05-01,92601.0
Greece,2021-05-01,346422.0
Grenada,2021-05-01,160.0
Guatemala,2021-05-01,228477.0
Guinea,2021-05-01,22247.0
Guinea-Bissau,2021-05-01,3736.0
Guyana,2021-05-01,13404.0
Haiti,2021-05-01,13056.0
Holy See,2021-05-01,27.0
Honduras,2021-05-01,213167.0
Hungary,2021-05-01,781299.0
Iceland,2021-05-01,6472.0
India,2021-05-01,19557457.0
Indonesia,2021-05-01,1672880.0
Iran,2021-05-01,2516157.0
Iraq,2021-05-01,1070366.0
Ireland,2021-05-01,249437.0
Israel,2021-05-01,838481.0
Italy,2021-05-01,4035617.0
Jamaica,2021-05-01,45777.0
Japan,2021-05-01,599253.0
Jordan,2021-05-01,712077.0
Kazakhstan,2021-05-01,378441.0
Kenya,2021-05-01,160053.0
Kiribati,2021-05-01,0.0
"Korea, South",2021-05-01,123240.0
Kosovo,2021-05-01,103638.0
Kuwait,2021-05-01,275270.0
Kyrgyzstan,2021-05-01,95752.0
Laos,2021-05-01,821.0
Latvia,2021-05-01,119370.0
Lebanon,2021-05-01,527508.0
Lesotho,2021-05-01,10731.0
Liberia,2021-05-01,2099.0
Libya,2021-05-01,177508.0
Liechtenstein,2021-05-01,2936.0
Lithuania,2021-05-01,248655.0
Luxembourg,2021-05-01,67205.0
MS Zaandam,2021-05-01,9.0
Madagascar,2021-05-01,37296.0
Malawi,2021-05-01,34095.0
Malaysia,2021-05-01,411594.0
Maldives,2021-05-01,30237.0
Mali,2021-05-01,13896.0
Malta,2021-05-01,30307.0
Marshall Islands,2021-05-01,4.0
Mauritania,2021-05-01,18429.0
Mauritius,2021-05-01,1211.0
Mexico,2021-05-01,2347780.0
Micronesia,2021-05-01,1.0
Moldova,2021-05-01,251160.0
Monaco,2021-05-01,2457.0
Mongolia,2021-05-01,37285.0
Montenegro,2021-05-01,97517.0
Morocco,2021-05-01,511562.0
Mozambique,2021-05-01,69965.0
Namibia,2021-05-01,48654.0
Nepal,2021-05-01,328893.0
Netherlands,2021-05-01,10650.0
Netherlands,2021-05-01,1559.0
Netherlands,2021-05-01,12207.0
Netherlands,2021-05-01,2230.0
Netherlands,2021-05-01,1502107.0
New Zealand,2021-05-01,0.0
New Zealand,2021-05-01,2618.0
Nicaragua,2021-05-01,6898.0
Niger,2021-05-01,5229.0
Nigeria,2021-05-01,165110.0
North Macedonia,2021-05-01,152581.0
Norway,2021-05-01,113259.0
Oman,2021-05-01,193253.0
Pakistan,2021-05-01,829933.0
Palau,2021-05-01,0.0
Panama,2021-05-01,364844.0
Papua New Guinea,2021-05-01,11119.0
Paraguay,2021-05-01,281023.0
Peru,2021-05-01,1799445.0
Philippines,2021-05-01,1046653.0
Poland,2021-05-01,2798617.0
Portugal,2021-05-01,836947.0
Qatar,2021-05-01,206302.0
Romania,2021-05-01,1056572.0
Russia,2021-05-01,4759902.0
Rwanda,2021-05-01,25225.0
Saint Kitts and Nevis,2021-05-01,45.0
Saint Lucia,2021-05-01,4560.0
Saint Vincent and the Grenadines,2021-05-01,1864.0
Samoa,2021-05-01,3.0
San Marino,2021-05-01,5066.0
Sao Tome and Principe,2021-05-01,2302.0
Saudi Arabia,2021-05-01,418411.0
Senegal,2021-05-01,40388.0
Serbia,2021-05-01,690931.0
Seychelles,2021-05-01,5873.0
Sierra Leone,2021-05-01,4057.0
Singapore,2021-05-01,61179.0
Slovakia,2021-05-01,382720.0
Slovenia,2021-05-01,241309.0
Solomon Islands,2021-05-01,20.0
Somalia,2021-05-01,13915.0
South Africa,2021-05-01,1582842.0
South Sudan,2021-05-01,10583.0
Spain,2021-05-01,3524077.0
Sri Lanka,2021-05-01,109862.0
Sudan,2021-05-01,33944.0
Suriname,2021-05-01,10428.0
Sweden,2021-05-01,973604.0
Switzerland,2021-05-01,659974.0
Syria,2021-05-01,22818.0
Taiwan*,2021-05-01,1132.0
Tajikistan,2021-05-01,13308.0
Tanzania,2021-05-01,509.0
Thailand,2021-05-01,67044.0
Timor-Leste,2021-05-01,2276.0
Togo,2021-05-01,12992.0
Trinidad and Tobago,2021-05-01,11072.0
Tunisia,2021-05-01,310734.0
Turkey,2021-05-01,4849408.0
US,2021-05-01,32396144.0
Uganda,2021-05-01,41905.0
Ukraine,2021-05-01,2132742.0
United Arab Emirates,2021-05-01,521948.0
United Kingdom,2021-05-01,93.0
United Kingdom,2021-05-01,2393.0
United Kingdom,2021-05-01,194.0
United Kingdom,2021-05-01,543.0
United Kingdom,2021-05-01,4055.0
United Kingdom,2021-05-01,63.0
United Kingdom,2021-05-01,4283.0
United Kingdom,2021-05-01,1589.0
United Kingdom,2021-05-01,20.0
United Kingdom,2021-05-01,4.0
United Kingdom,2021-05-01,2390.0
United Kingdom,2021-05-01,4418530.0
Uruguay,2021-05-01,200908.0
Uzbekistan,2021-05-01,91250.0
Vanuatu,2021-05-01,4.0
Venezuela,2021-05-01,198865.0
Vietnam,2021-05-01,2942.0
West Bank and Gaza,2021-05-01,296462.0
Yemen,2021-05-01,6325.0
Zambia,2021-05-01,91670.0
Zimbabwe,2021-05-01,38260.0
Afghanistan,2021-06-01,72977.0
Albania,2021-06-01,132337.0
Algeria,2021-06-01,129218.0
Andorra,2021-06-01,13729.0
Angola,2021-06-01,34752.0
Antigua and Barbuda,2021-06-01,1260.0
Argentina,2021-06-01,3817139.0
Armenia,2021-06-01,222778.0
Australia,2021-06-01,124.0
Australia,2021-06-01,5588.0
Australia,2021-06-01,173.0
Australia,2021-06-01,1619.0
Australia,2021-06-01,754.0
Australia,2021-06-01,234.0
Australia,2021-06-01,20614.0
Australia,2021-06-01,1018.0
Austria,2021-06-01,645152.0
Azerbaijan,2021-06-01,334132.0
Bahamas,2021-06-01,11796.0
Bahrain,2021-06-01,242790.0
Bangladesh,2021-06-01,802305.0
Barbados,2021-06-01,4017.0
Belarus,2021-06-01,395075.0
Belgium,2021-06-01,1063499.0
Belize,2021-06-01,12819.0
Benin,2021-06-01,8058.0
Bhutan,2021-06-01,1632.0
Bolivia,2021-06-01,374718.0
Bosnia and Herzegovina,2021-06-01,204093.0
Botswana,2021-06-01,54973.0
Brazil,2021-06-01,16624480.0
Brunei,2021-06-01,244.0
Bulgaria,2021-06-01,418813.0
Burkina Faso,2021-06-01,13435.0
Burma,2021-06-01,143751.0
Burundi,2021-06-01,4803.0
Cabo Verde,2021-06-01,30523.0
Cambodia,2021-06-01,30710.0
Cameroon,2021-06-01,78929.0
Canada,2021-06-01,227718.0
Canada,2021-06-01,144473.0
Canada,2021-06-01,0.0
Canada,2021-06-01,13.0
Canada,2021-06-01,51316.0
Canada,2021-06-01,2215.0
Canada,2021-06-01,1317.0
Canada,2021-06-01,128.0
Canada,2021-06-01,5579.0
Canada,2021-06-01,648.0
Canada,2021-06-01,539910.0
Canada,2021-06-01,204.0
Canada,2021-06-01,370527.0
Canada,2021-06-01,13.0
Canada,2021-06-01,46834.0
Canada,2021-06-01,84.0
Central African Republic,2021-06-01,7091.0
Chad,2021-06-01,4934.0
Chile,2021-06-01,1389357.0
China,2021-06-01,1004.0
China,2021-06-01,1059.0
China,2021-06-01,598.0
China,2021-06-01,624.0
China,2021-06-01,194.0
China,2021-06-01,2481.0
China,2021-06-01,275.0
China,2021-06-01,147.0
China,2021-06-01,188.0
China,2021-06-01,1317.0
China,2021-06-01,1612.0
China,2021-06-01,1315.0
China,2021-06-01,11848.0
China,2021-06-01,68159.0
China,2021-06-01,1051.0
China,2021-06-01,387.0
China,2021-06-01,727.0
China,2021-06-01,937.0
China,2021-06-01,573.0
China,2021-06-01,425.0
China,2021-06-01,51.0
China,2021-06-01,76.0
China,2021-06-01,18.0
China,2021-06-01,616.0
China,2021-06-01,883.0
China,2021-06-01,2108.0
China,2021-06-01,253.0
China,2021-06-01,1028.0
China,2021-06-01,393.0
China,2021-06-01,1.0
China,2021-06-01,0.0
China,2021-06-01,980.0
China,2021-06-01,353.0
China,2021-06-01,1364.0
Colombia,2021-06-01,3432422.0
Comoros,2021-06-01,3881.0
Congo (Brazzaville),2021-06-01,11658.0
Congo (Kinshasa),2021-06-01,31651.0
Costa Rica,2021-06-01,321279.0
Cote d'Ivoire,2021-06-01,47319.0
Croatia,2021-06-01,356397.0
Cuba,2021-06-01,143323.0
Cyprus,2021-06-01,72515.0
Czechia,2021-06-01,1661780.0
Denmark,2021-06-01,721.0
Denmark,2021-06-01,40.0
Denmark,2021-06-01,282135.0
Diamond Princess,2021-06-01,712.0
Djibouti,2021-06-01,11537.0
Dominica,2021-06-01,188.0
Dominican Republic,2021-06-01,294021.0
Ecuador,2021-06-01,427690.0
Egypt,2021-06-01,263606.0
El Salvador,2021-06-01,73702.0
Equatorial Guinea,2021-06-01,8572.0
Eritrea,2021-06-01,4117.0
Estonia,2021-06-01,129674.0
Eswatini,2021-06-01,18601.0
Ethiopia,2021-06-01,271790.0
Fiji,2021-06-01,464.0
Finland,2021-06-01,92642.0
France,2021-06-01,24036.0
France,2021-06-01,18875.0
France,2021-06-01,16874.0
France,2021-06-01,11979.0
France,2021-06-01,19325.0
France,2021-06-01,128.0
France,2021-06-01,24901.0
France,2021-06-01,1005.0
France,2021-06-01,25.0
France,2021-06-01,1915.0
France,2021-06-01,445.0
France,2021-06-01,5619133.0
Gabon,2021-06-01,24429.0
Gambia,2021-06-01,5993.0
Georgia,2021-06-01,345196.0
Germany,2021-06-01,3692908.0
Ghana,2021-06-01,94011.0
Greece,2021-06-01,404163.0
Grenada,2021-06-01,161.0
Guatemala,2021-06-01,255833.0
Guinea,2021-06-01,23194.0
Guinea-Bissau,2021-06-01,3770.0
Guyana,2021-06-01,17114.0
Haiti,2021-06-01,14565.0
Holy See,2021-06-01,27.0
Honduras,2021-06-01,238820.0
Hungary,2021-06-01,804712.0
Iceland,2021-06-01,6555.0
India,2021-06-01,28307832.0
Indonesia,2021-06-01,1826527.0
Iran,2021-06-01,2923823.0
Iraq,2021-06-01,1205522.0
Ireland,2021-06-01,262380.0
Israel,2021-06-01,839511.0
Italy,2021-06-01,4220304.0
Jamaica,2021-06-01,48594.0
Japan,2021-06-01,749829.0
Jordan,2021-06-01,737284.0
Kazakhstan,2021-06-01,444377.0
Kenya,2021-06-01,171084.0
Kiribati,2021-06-01,2.0
"Korea, South",2021-06-01,141476.0
Kosovo,2021-06-01,107021.0
Kuwait,2021-06-01,310501.0
Kyrgyzstan,2021-06-01,105111.0
Laos,2021-06-01,1929.0
Latvia,2021-06-01,133518.0
Lebanon,2021-06-01,540630.0
Lesotho,2021-06-01,10831.0
Liberia,2021-06-01,2210.0
Libya,2021-06-01,186072.0
Liechtenstein,2021-06-01,3012.0
Lithuania,2021-06-01,274776.0
Luxembourg,2021-06-01,69983.0
MS Zaandam,2021-06-01,9.0
Madagascar,2021-06-01,41366.0
Malawi,2021-06-01,34346.0
Malaysia,2021-06-01,579462.0
Maldives,2021-06-01,65164.0
Mali,2021-06-01,14271.0
Malta,2021-06-01,30543.0
Marshall Islands,2021-06-01,4.0
Mauritania,2021-06-01,19598.0
Mauritius,2021-06-01,1399.0
Mexico,2021-06-01,2420659.0
Micronesia,2021-06-01,1.0
Moldova,2021-06-01,255241.0
Monaco,2021-06-01,2506.0
Mongolia,2021-06-01,60372.0
Montenegro,2021-06-01,99652.0
Morocco,2021-06-01,519610.0
Mozambique,2021-06-01,70850.0
Namibia,2021-06-01,55812.0
Nepal,2021-06-01,566587.0
Netherlands,2021-06-01,10993.0
Netherlands,2021-06-01,1614.0
Netherlands,2021-06-01,12273.0
Netherlands,2021-06-01,2433.0
Netherlands,2021-06-01,1651780.0
New Zealand,2021-06-01,1.0
New Zealand,2021-06-01,2679.0
Nicaragua,2021-06-01,7481.0
Niger,2021-06-01,5410.0
Nigeria,2021-06-01,166534.0
North Macedonia,2021-06-01,155304.0
Norway,2021-06-01,125576.0
Oman,2021-06-01,218271.0
Pakistan,2021-06-01,924667.0
Palau,2021-06-01,1.0
Panama,2021-06-01,378828.0
Papua New Guinea,2021-06-01,15910.0
Paraguay,2021-06-01,358244.0
Peru,2021-06-01,1955469.0
Philippines,2021-06-01,1235467.0
Poland,2021-06-01,2872868.0
Portugal,2021-06-01,849538.0
Qatar,2021-06-01,217688.0
Romania,2021-06-01,1077978.0
Russia,2021-06-01,5022881.0
Rwanda,2021-06-01,27023.0
Saint Kitts and Nevis,2021-06-01,73.0
Saint Lucia,2021-06-01,5072.0
Saint Vincent and the Grenadines,2021-06-01,2044.0
Samoa,2021-06-01,3.0
San Marino,2021-06-01,5090.0
Sao Tome and Principe,2021-06-01,2345.0
Saudi Arabia,2021-06-01,451687.0
Senegal,2021-06-01,41433.0
Serbia,2021-06-01,712702.0
Seychelles,2021-06-01,11621.0
Sierra Leone,2021-06-01,4148.0
Singapore,2021-06-01,62069.0
Slovakia,2021-06-01,389866.0
Slovenia,2021-06-01,254045.0
Solomon Islands,2021-06-01,20.0
Somalia,2021-06-01,14667.0
South Africa,2021-06-01,1669231.0
South Sudan,2021-06-01,10688.0
Spain,2021-06-01,3682778.0
Sri Lanka,2021-06-01,189241.0
Sudan,2021-06-01,35512.0
Suriname,2021-06-01,15128.0
Sweden,2021-06-01,1068473.0
Switzerland,2021-06-01,695496.0
Syria,2021-06-01,24529.0
Taiwan*,2021-06-01,8842.0
Tajikistan,2021-06-01,13308.0
Tanzania,2021-06-01,509.0
Thailand,2021-06-01,162022.0
Timor-Leste,2021-06-01,7161.0
Togo,2021-06-01,13481.0
Trinidad and Tobago,2021-06-01,24314.0
Tunisia,2021-06-01,346986.0
Turkey,2021-06-01,5256516.0
US,2021-06-01,33290450.0
Uganda,2021-06-01,47761.0
Ukraine,2021-06-01,2263167.0
United Arab Emirates,2021-06-01,572804.0
United Kingdom,2021-06-01,109.0
United Kingdom,2021-06-01,2494.0
United Kingdom,2021-06-01,248.0
United Kingdom,2021-06-01,584.0
United Kingdom,2021-06-01,4066.0
United Kingdom,2021-06-01,63.0
United Kingdom,2021-06-01,4296.0
United Kingdom,2021-06-01,1594.0
United Kingdom,2021-06-01,20.0
United Kingdom,2021-06-01,4.0
United Kingdom,2021-06-01,2417.0
United Kingdom,2021-06-01,4490438.0
Uruguay,2021-06-01,298006.0
Uzbekistan,2021-06-01,100495.0
Vanuatu,2021-06-01,4.0
Venezuela,2021-06-01,235567.0
Vietnam,2021-06-01,7625.0
West Bank and Gaza,2021-06-01,308732.0
Yemen,2021-06-01,6751.0
Zambia,2021-06-01,95821.0
Zimbabwe,2021-06-01,38998.0
